<?xml version="1.0" encoding="UTF-8"?>
<project-private xmlns="http://www.netbeans.org/ns/project-private/1">
    <editor-bookmarks xmlns="http://www.netbeans.org/ns/editor-bookmarks/2" lastBookmarkId="0"/>
    <open-files xmlns="http://www.netbeans.org/ns/projectui-open-files/2">
        <group>
            <file>file:/D:/MFI%20Folder%20(School)/School%20Year%202020-2021/Activities/Second%20Semester/Major%20Subject/Student%20Record%20System/src/Model/Teachers.java</file>
            <file>file:/D:/MFI%20Folder%20(School)/School%20Year%202020-2021/Activities/Second%20Semester/Major%20Subject/Student%20Record%20System/src/Model/Students.java</file>
            <file>file:/D:/MFI%20Folder%20(School)/School%20Year%202020-2021/Activities/Second%20Semester/Major%20Subject/Student%20Record%20System/src/Controller/TeachersObjectController.java</file>
            <file>file:/D:/MFI%20Folder%20(School)/School%20Year%202020-2021/Activities/Second%20Semester/Major%20Subject/Student%20Record%20System/src/View/Main.java</file>
            <file>file:/D:/MFI%20Folder%20(School)/School%20Year%202020-2021/Activities/Second%20Semester/Major%20Subject/Student%20Record%20System/src/Controller/StudentsObjectController.java</file>
        </group>
    </open-files>
</project-private>
